judul,kutipan
"Dosen Toksikologi UNAIR Paparkan Toksisitas Etilen Glikol, Senyawa Kimia yang Diduga Penyebab Gagal Ginjal Akut pada Anak",UNAIR NEWS – Kandungan etilen glikol pada obat sirup diduga menjadi penyebab gangguan gagal ginjal akut progresif atipikal pada anak.
Dosen UNAIR Dorong Percepatan Kastrasi Jantan untuk Tekan Populasi Kucing Liar,UNAIR NEWS – Populasi kucing liar terus meningkat di perkotaan seperti Surabaya dan Jakarta. Hal ini menimbulkan permasalahan baru dalam
Pakar Hukum UNAIR: Gas Air Mata dan Kekerasan Langgar Etik Hingga Pidana,UNAIR NEWS – Korban Tragedi Kanjuruhan yang dinyatakan meninggal dunia resmi bertambah menjadi 133 orang pada Selasa (18/10/2022). Jumlah itu
Langkah Bijak Pilih Layanan Penitipan Hewan Kesayanganmu,UNAIR NEWS – Menitipkan hewan peliharaan kesayangan pada layanan penitipan hewan menjadi tempat pilihan bijak bagi pemilik yang memiliki kesibukan.
"Minuman Berpemanis dan Plastik Kena Cukai, Dosen UNAIR: Intervensi Hilir juga Perlu","UNAIR NEWS – Dilansir dari cnbcindonesia.com pada September (28/9/2022), Badan Anggaran (Banggar) DPR dan pemerintah telah mengedok jenis baru Barang"
Pakar Toksikologi UNAIR Beberkan Sifat Dasar dan Efek Senyawa Kimia Gas Air Mata,"UNAIR NEWS – Penggunaan gas air mata oleh pihak kepolisian dalam Tragedi Kanjuruhan menuai kritikan publik. Alih-alih beranggapan, penembakan gas"
Psikolog UNAIR: Kenali Penanganan Post Trauma pada Korban Kanjuruhan,UNAIR NEWS – Duka menyelimuti rakyat Indonesia pasca peristiwa Kanjuruhan terjadi. Peristiwa tersebut terjadi saat pertandingan sepak bola Arema FC
Guru Besar Psikologi UNAIR Bahas Tips Sembuhkan Trauma Perselingkuhan,"UNAIR NEWS – Perselingkuhan menjadi sebuah perilaku pelanggaran komitmen terhadap pasangan, baik itu pacar maupun suami/istri. Dalam pemaknaannya, perselingkuhan tidak"
Peningkatan Literasi Solusi Tragedi Kanjuruhan Tak Terulang Kembali,UNAIR NEWS – Pertandingan sepak bola Arema FC melawan Persebaya pada Sabtu (1/10/2022) siapa sangka berakhir ricuh hingga memakan ratusan
Mengenal Emosi dan Social Identity Melalui Tragedi Kanjuruhan,"UNAIR NEWS – Peristiwa yang terjadi di Stadion Kanjuruhan, Malang pada Sabtu (1/10/2022) menjadi catatan kelam bagi sepak bola Indonesia."
"Buat Konten Prank ke Kepolisian, Pakar Hukum UNAIR: Tindakan Tidak Menghormati Fungsi Hukum",UNAIR NEWS – Konten prank laporan kekerasan dalam rumah tangga (KDRT) yang dilakukan selebriti Baim Wong dan Paula Verhoeven di
"Dugaan KDRT dan Perselingkuhan oleh Tokoh Publik, Pakar UNAIR: Persiapkan 9 Hal Sebelum Menikah","UNAIR NEWS – Akhir-akhir ini, beberapa tokoh publik Indonesia diduga melakukan kekerasan dalam rumah tangga (KDRT) dan perselingkuhan. Hal ini"
Pakar Paru FK UNAIR: Gas Air Mata Bersifat Iritatif dan Inflamatif,UNAIR NEWS – Penggunaan gas air mata oleh pihak kepolisian pada peristiwa kanjuruhan menuai kritik. Lantaran penggunaan gas air mata
Benarkah Ayah Perokok Aktif Bisa Sebabkan Balita Bronkitis?,UNAIR NEWS – Seperti yang diketahui bersama bahwa rokok dapat menimbulkan efek buruk pada kesehatan. Tidak hanya perokok aktif yang
"Pemerintah Batalkan Rencana Konversi LPG ke Kompor Listrik, Pakar UNAIR: Bukti Ketidakmatangan Kebijakan Publik","UNAIR NEWS – Baru-baru ini, pemerintah resmi membatalkan rencana konversi LPG (Liquefied Petroleum Gas) 3 kg ke kompor listrik. Hal"
"Tanggapi Menko Luhut, Pengamat Politik UNAIR: Tidak Ada Kaitannya dengan Etnis","UNAIR NEWS – Mendekati tahun politik 2024, isu pembicaraan mengenai pencalonan presiden tidak pernah habis. Kini, masyarakat kembali dihebohkan dengan"
Pakar UNAIR Beri Analisis Pembatasan Pembelian dan Keluhan Pertalite Boros,UNAIR NEWS –Pembaharuan harga dan sistem pembelian Bahan Bakar Minyak (BBM) oleh PT Pertamina selalu tidak luput dari pembicaraan masyarakat.
Dosen Ilmu Gizi UNAIR Berikan Tips Hindari Gula Berlebih pada Makanan Kemasan,"UNAIR NEWS – Di tengah banyaknya makanan dan minuman kemasan yang dapat secara instan dinikmati, masyarakat modern harus tetap berhati-hati"
Mengulik Potensi dan Tantangan Penerapan Pajak Karbon di Indonesia,UNAIR NEWS –  Pemerintah Indonesia kala ini sedang mengumandangkan rencana untuk menerapkan pajak karbon pasca ditekennya UU 7/2021 dan Perpres
Pakar Hukum Lingkungan UNAIR: Hukum Kita Masih Belum Berwawasan Lingkungan,UNAIR NEWS – Ekonom lingkungan Stefan Giljum et al. mengeluarkan penelitian yang berjudul “A Pantropical Assessment of Deforestation Caused by
"Banggar DPR RI Usulkan Daya Listrik 450 VA Dihapus, Pakar UNAIR: Tidak Pro Rakyat",UNAIR NEWS – Usulan mengenai penghapusan atau pengalihan daya listrik 450 VA menjadi 900 VA untuk kelompok rumah tangga miskin
"Cilegon Menolak Pembangunan Gereja, Pakar HAM UNAIR Berikan Catatan",UNAIR NEWS – Kota Cilegon masih menjadi perlambang gagalnya pemajuan pluralisme agama di Indonesia. Sekalipun ada lebih dari enam ribu
Simak Penjelasan Persiapan Pernikahan Ditinjau dari Segi Kesehatan Reproduksi,UNAIR NEWS – Pernikahan ialah pengikatan janji suci antar kedua mempelai laki-laki dan perempuan di hadapan Tuhan. Pernikahan merupakan awal
Pernikahan Dini Tingkatkan Potensi Kanker Serviks Lebih Besar. Benarkah?,UNAIR NEWS – Pernikahan di bawah umur yang terjadi di masyarakat seringkali menjadi buah bibir netizen di media sosial.  Banyak
Pemerintah Mengatur Usia Warganya untuk Menikah. Apa Alasannya?,UNAIR NEWS – Pernikahan merupakan awal permulaan dimulainya perjalanan baru. Di samping itu ternyata pemerintah sudah mengatur peraturan mengenai perkawinan
"Kasus Santri Gontor, Pakar Hukum Pidana: Perjanjiannya Batal Demi Hukum",UNAIR NEWS – Penganiayaan oleh santri Pondok Modern Darussalam Gontor hingga korban meninggal menjadi sorotan publik. Kedua pelaku yang berusia
"Enam Bulan Berperang, Pengamat UNAIR Sebut Rusia Mendapat Sanksi dan Kecaman","UNAIR NEWS – Setelah berperang dengan Rusia hampir enam bulan, Ukraina sedang di atas angin. Itulah yang disampaikan oleh Radityo"
Dosen UNAIR Bahas Dua Sisi Quiet Quitting yang Sedang Digemari Anak Muda,UNAIR NEWS – Fenomena quiet quitting baru-baru ini menjadi salah satu topik yang marak diperbincangkan. Perilaku yang membatasi diri untuk
Peternak Ayam Petelur Perlu Memaksimalkan Tanggung Jawab Kesejahteraan Kandang,UNAIR NEWS – Kebutuhan pemenuhan protein dari telur ayam yang terus meningkat di Indonesia. Itu mendorong penggunaan jenis kandang yang
"Calon Anggota DPR 2024 Tidak Wajib Punya SKCK, Ini Kata Dosen UNAIR",UNAIR NEWS – Kabar soal aturan yang tidak mewajibkan calon anggota Dewan Perwakilan Rakyat (DPR) untuk memiliki Surat Keterangan Catatan
"Harga BBM Melonjak, Pakar Sosiologi UNAIR: Akan ada Orang Miskin Baru",UNAIR NEWS – Harga bahan bakar minyak (BBM) bersubsidi dan non-subsidi resmi mengalami kenaikan pada Sabtu (3/9). Hal tersebut langsung
"Indonesia Bebas HIV 2030, Pakar UNAIR: Kenali Penularannya",UNAIR NEWS – Kementerian Kesehatan Republik Indonesia (Kemenkes RI) telah menyajikan data terbaru orang dengan HIV (Human Immunodeficiency Virus) di
"Harga BBM Naik, Ekonom UNAIR: Ujung-ujungnya Konsumen yang Kena",UNAIR NEWS – Pemerintah resmi mengumumkan kenaikan harga bahan bakar minyak (BBM) bersubsidi dan non-subsidi pada (3/9/2022). Hal tersebut langsung
"Salurkan BLT BBM, Pakar Ekonomi UNAIR: Itu Belum Cukup","UNAIR NEWS – Usai pemerintah mengumumkan kenaikan harga bahan bakar minyak (BBM) pada Sabtu (3/9/2022) di Istana Merdeka Jakarta, Presiden"
"Masa Jabatan Habis di 2022, Pakar Politik UNAIR: Anies Bukan Orang Partai",UNAIR NEWS – Beberapa kepala daerah harus menuntaskan masa jabatannya tahun ini. Dari keseluruhan total 101 kepala daerah yang akan
Dosen FK UNAIR Beberkan Cara Pencegahan Hepatitis,"UNAIR NEWS – Indonesia masih sebagai daerah endemik hepatitis, meski tidak begitu menjadi sorotan publik. Namun, kenyataannya ada 745.000 kasus"
"Upaya Tutupi Kebenaran dalam Kasus Brigadir J, Pakar Hukum UNAIR: Masuk Penistaan Hukum","UNAIR NEWS – Hingga saat ini, sebanyak 97 anggota polisi telah diperiksa untuk memastikan keterlibatannya dalam skenario obstruction of justice"
Dosen UNAIR Nilai Momen Farel Prayoga Menunjukkan Adanya Pergeseran Selera Musik,UNAIR NEWS – Penyanyi cilik Farel Prayoga tampil menyanyikan lagu ‘Ojo Dibandingke’ di Istana Merdeka pada upacara HUT RI ke-77
"Kasus Pencurian Mariana Vs Pegawai Alfamart Diduga Akibat Kleptomania, Pakar Psikologi UNAIR Beri Penjelasan","UNAIR NEWS – Akhir-akhir ini media informasi ramai perbincangan kasus pencurian yang melibatkan Mariana dan pegawai Alfamart. Diduga, pencurian itu"
"Kasus Mariana Vs Pegawai Alfamart, Pakar Hukum UNAIR Edukasi Tentang Restorative Justice dan Citizen Journalist",UNAIR NEWS – Kasus pencurian coklat hingga pencemaran nama baik yang melibatkan Mariana dan pegawai Alfamart menjadi topik hangat yang
"Dosen HI UNAIR: Ketegangan Cina-Taiwan Bukanlah Krisis, Ini Hanya Status Quo","UNAIR NEWS – Awal Agustus silam, muncul gejolak politik internasional di wilayah Asia Timur karena Ketua DPR Amerika Serikat (AS)"
"Kemenhub Naikkan Tarif Ojol, Ekonom UNAIR: Efek Kenaikan BBM",UNAIR NEWS – Kementerian Perhubungan (Kemenhub) resmi mengeluarkan regulasi baru mengenai kenaikan tarif ojek online (ojol). Peraturan tersebut tercantum dalam
Kayu Secang Berpotensi Pertahankan Berat Hidup dan Karkas Akhir Kelinci saat alami Heat Stress,UNAIR NEWS – Pemeliharaan kelinci pada kawasan beriklim tropis seperti Indonesia memiliki banyak tantangan dan hambatan. Terutama saat musim kemarau
"Kasus Perundungan di Tasikmalaya, Pakar UNAIR: Peran Lingkungan Sangat Penting","UNAIR NEWS – Seorang anak berusia 11 tahun yang berada di bangku Sekolah Dasar (SD) di Singaparna, Tasikmalaya, meninggal setelah"
"Pakar Pariwisata UNAIR: Likupang Tourism Festival, Event Luar Biasa Menuju Bangkitnya Pariwisata Indonesia","UNAIR NEWS – Likupang Tourism Festival 2022 secara resmi dibuka oleh Menparekraf pada akhir Juli lalu, mendapat sorotan banyak publik."
"Citayam Fashion Week, Gubes HKI UNAIR : The Power of Netizen Lebih Cepat dari Prosedur Hukum","UNAIR NEWS – Terus menuai banyak kecaman di media sosial, pengajuan merek CFW akhirnya ditarik kembali oleh pihak pemohon. Guru"
"Soal CFW dan HKI, Gubes UNAIR: Perlindungan demi Perkembangan Industri Kreatif","UNAIR NEWS – Pengajuan pendaftaran merek Citayam Fashion Week (CFW) tengah menjadi buah bibir di masyarakat beberapa waktu lalu. Pasalnya,"
"Menyoal Timbunan Bansos Presiden, Ahli UNAIR: Masih Perlu Didalami","UNAIR NEWS – Masyarakat digemparkan oleh penemuan bantuan sosial berupa beras yang ditimbun dalam jumlah besar. Menanggapi hal ini, ahli"
"Menyoal Kasus Meme Stupa Candi, Pakar UNAIR: Tindakan Itu Kurang Etis",UNAIR NEWS – Akhir Juni lalu kepolisian telah menetapkan Roy Suryo sebagai tersangka atas kasus meme stupa Candi Borobudur yang
"MK Tolak Uji Materiil Ganja Medis, Pakar Hukum Islam UNAIR: Masih Banyak Jalan",UNAIR NEWS – Mahkamah Konstitusi RI resmi menolak pengujian materiil Undang-Undang Nomor 35 Tahun 2009 tentang Narkotika terhadap Undang-Undang Dasar
"Klaim Pendidikan Seksual dalam Konten Media Sosial, Dosen Ilmu Komunikasi UNAIR: Bukan Kegiatan Seksual dengan Tanggung Jawab","UNAIR NEWS – Belakangan ini klaim “sex education” pada konten-konten media sosial sering dibahas oleh beberapa content creator dengan bebas,"
"Bahaya Toxic Relationship, Dosen Psikologi UNAIR: Power dan Kontrol Menjadi Awal Mula Hubungan Tidak Sehat",UNAIR NEWS – Platform Tiktok kembali mengeluarkan tren konten “he/ she is 10 but” yang sering digunakan oleh penggunanya untuk
Apakah Pink Tide Kembali Muncul di Wilayah Amerika Latin? Berikut Papar Pakar UNAIR,"UNAIR NEWS – Dalam lima tahun terakhir, kontestasi elektoral di wilayah Amerika Latin melahirkan pemerintahan sayap kiri (left-wing). Tren ideologi"
Pakar Psikologi UNAIR Ungkap Peran Ibu dalam Perkembangan Bahasa Anak,UNAIR NEWS – Produksi bahasa pada anak melibatkan pembangunan ujaran dari bagian variasi bahasa yang telah dipelajari dalam cara yang
"Cacar Monyet Darurat Kesehatan Global, Pakar UNAIR: Harus Waspada, Tapi Tidak Perlu Panik","UNAIR NEWS – Per 23 Juli 2022 silam, World Health Organization (WHO) telah menetapkan cacar monyet (monkeypox) sebagai darurat kesehatan"
"Menyoal Anak Muda yang Berpikir Kritis, Dosen Filsafat UNAIR: Harus Kita Apresiasi","UNAIR NEWS – Beberapa waktu belakangan muncul anak muda bernama Rafi yang namanya sedang viral di beberapa media sosial. Pasalnya,"
Pakar UNAIR Tanggapi Co-Firing Biomassa untuk PLTU,UNAIR NEWS – Pemerintah Indonesia sedang mempromosikan untuk menerapkan kebijakan energi yang berbunyi ‘co-firing biomassa.’ Co-firing merupakan teknik substitusi dalam
Pakar UNAIR Paparkan Perlindungan Hukum Korban dan Saksi dalam Kasus Pencabulan,UNAIR NEWS – Kabar tentang ditetapkannya anak kiai Jombang dengan inisial MSAT dalam Daftar Pencarian Orang (DPO) Kasus Pencabulan menghebohkan
Pakar UNAIR: Lingkungan Berperan Bantu Turunkan Angka Ibu Bunuh Anak Kandung,"UNAIR NEWS – Kasus ibu kandung yang membunuh bayinya bisa jadi sering terdengar di telinga kita. Baru-baru ini, seorang ibu"
RUU KIA Dapat Jadi Salah Satu Cara Atasi Baby Blues,"UNAIR NEWS – Angka kejadian baby blues di Indonesia masih terbilang tinggi. Melansir dari laman Kompas.com, sebanyak 4 dari 5"
Dosen Psikologi UNAIR Beberkan Cara Menjaga Keutuhan Keluarga,"UNAIR NEWS – Terdapat perbedaan umur, cara pandang, dan kebiasaan pasangan dalam rumah tangga. Ada dua hal untuk menumbuhkan hubungan"
Psikolog UNAIR: Mencintai Dua Orang dalam Satu Waktu Bukan Hal yang Tidak Mungkin,"UNAIR NEWS – Pakar Psikologi Klinis dan Kesehatan Mental UNAIR Prof Dr Nurul Hartini S Psi MKes menyatakan, mencintai dua"
"Terancam Resesi, Pakar Ekonomi UNAIR Beri Saran untuk Pemerintah Indonesia",UNAIR NEWS – Baru-baru ini survei yang rilis oleh Bloomberg menunjukkan bahwa Indonesia berada di peringkat ke-14 dari 15 negara
Pakar UNAIR Soal Citayam Fashion Week : Tunjukkan Eksistensi Diri dalam Gaya Busana,UNAIR NEWS – Citayam Fashion Week (CFW) menjadi julukan bagi kumpulan remaja yang berpakaian modis dengan gaya street-style di seputaran
"Kerusuhan di Babarsari, Pakar UNAIR Paparkan Antisipasi Pencegahan","UNAIR NEWS – Kerusuhan yang belum lama ini terjadi di Jalan Babarsari, Kelurahan Caturtunggal, Kecamatan Depok, Kabupaten Sleman, Provinsi Daerah"
Psikolog UNAIR: Edukasi Pra-Nikah Penting untuk Cegah Pembunuhan Anak Kandung,UNAIR NEWS – Seorang calon ibu memerlukan persiapan kesehatan jiwa dan mental yang cukup. Hal itu guna menghindari kejadian tidak
Akademisi UNAIR: Krisis Ekonomi Sri Lanka Karena Kombinasi Berbagai Faktor,"UNAIR NEWS – Baru-baru ini, negara Sri Lanka mengalami krisis ekonomi berkelanjutan. Salah satu penyebab krisis tersebut adalah utang luar"
Kenali Beda Ganja Medis dan Ganja Rekreasional,UNAIR NEWS – Baru-baru ini warganet ramai memperbincangkan terkait isu legalisasi ganja untuk keperluan medis. Perbincangan tersebut datang dari seorang
"Miliki Banyak Manfaat, Dokter FK UNAIR Sarankan Hal Ini Sebelum Legalisasi Ganja",UNAIR NEWS – Dewan Perwakilan Rakyat Republik Indonesia (DPR RI) saat ini sedang mengkaji rencana legalisasi ganja medis. Menanggapi hal
"Dolar tembus Rp 15.000, Pakar Ekonomi UNAIR: Masyarakat Tidak Perlu Panik",UNAIR NEWS – Beberapa waktu terakhir masyarakat tanah air dihebohkan dengan melemahnya nilai tukar rupiah terhadap dolar Amerika Serikat (AS)
"Kontroversi ACT, Pakar Ekonomi Islam UNAIR: Lembaga Publik Harus Transparan","UNAIR NEWS – Lembaga kemanusia terkemuka, Aksi Cepat Tanggap (ACT), tengah mendapatkan perhatian publik. Bagaimana tidak, dalam rilisan hasil investigasi"
"Dosen FKH UNAIR: Jika Semua Taman Nasional Dibatasi, Perlu Sesuaikan Faktor Lingkungan",UNAIR NEWS – Kebijakan kenaikan harga tiket masuk dan pembatasan pengunjung Taman Nasional Komodo menjadi perbincangan beberapa pekan lalu. Wacana
"Vaksin Booster Jadi Syarat Mobilitas Warga, Begini Kata Epidemiolog UNAIR","UNAIR NEWS – Baru-baru ini, Presiden Joko Widodo akan menerapkan kebijakan mengenai pemberlakuan vaksin booster atau vaksin dosis ketiga sebagai"
Ahli Gizi UNAIR: Residu Pestisida di Mie Instan Sangat Rendah,"UNAIR NEWS- Sejumlah media mengabarkan bahwa pemerintah Taiwan menahan beberapa produk mie instan yang masuk dari lintas negara, termasuk Indonesia."
Tips Aman Bagikan Daging Kurban,UNAIR NEWS – Daging kurban adalah daging yang baik dan sehat. Sehingga harus dipastikan bahwa hewan kurban telah melewati proses
Pantau Kelayakan Hewan Kurban Lewat Pemeriksaan Antemortem-Postmortem,"UNAIR NEWS – Masih maraknya kasus Penyakit mulut dan kuku di hampir seluruh wilayah Indonesia, mendorong pentingnya pemantauan kelayakan hewan"
Ahli Gizi UNAIR Bagi 4 Tips Atasi Kolesterol Tinggi Saat Iduladha,"UNAIR NEWS – Mayoritas umat muslim mengkonsumsi daging saat Hari Raya Iduladha. Namun, mesti diingat batasan mengkonsumsi berbagai olahan daging"
Permintaan dan Penawaran Tidak Sebanding Jadi Penyebab Kenaikan Harga Rumah di Indonesia,UNAIR NEWS – Tren harga rumah dari waktu ke waktu semakin meningkat. Tren tersebut lebih terasa di Indonesia setelah masa
Ekonom UNAIR Sebut 2 Dampak Kenaikan Harga Minyak di Indonesia,UNAIR NEWS – Saat ini harga minyak dunia hampir mencapai angka $112 per barel. Kenaikan harga minyak dunia berpengaruh pada
"Dugaan Penyelewengan Dana oleh ACT, Pakar Hukum UNAIR Paparkan Pengaturan Hingga Sanksi Pidananya",UNAIR NEWS – Dugaan penyelewengan dana masyarakat oleh Aksi Cepat Tanggap (ACT) sebagai salah satu lembaga filantropi terbesar di Indonesia
"Bahas Ngeri-Ngeri Sedap, Pakar UNAIR: Film Medium yang Tepat untuk Mempelajari Budaya Orang Lain",UNAIR NEWS – Kehadiran film Ngeri-Ngeri Sedap (2022) sebagai film dengan latar belakang etnografi berhasil membawa angin segar dalam industri
Pakar Kajian Sinema UNAIR Beberkan Faktor Keberhasilan Film Ngeri-Ngeri Sedap,UNAIR NEWS – Industri film Indonesia terus berkembang dari waktu ke waktu. Inovasi dan kreativitas para filmmaker dalam memproduksi sebuah
"Serial Stranger Things Angkat Kemampuan Musik Redakan Stress, Begini Fakta Psikologinya?",UNAIR NEWS – Lagu Running Up That Hill milik penyanyi Kate Bush beberapa minggu terakhir merajai tangga lagu global. Lagu
Ahli Hukum Islam UNAIR Soroti Isu Ganja Medis,UNAIR NEWS – Isu legalisasi ganja untuk keperluan medis menjadi pembahasan hangat akhir-akhir ini. Sampai-sampai Wakil Presiden Republik Indonesia Ma’ruf
"Pakar UNAIR: Soal Tiket Naik di Taman Nasional Komodo, Pemerintah Harus Tegas dan Bijak",UNAIR NEWS – Wacana penetapan harga tiket masuk Taman Nasional Komodo yang mengalami keaikan perlu untuk dipertimbangkan secara bijak dan
Ekonom UNAIR : Kebijakan Lockdown di Berbagai Negara Menjadi Penyebab Kenaikan Inflasi AS,"UNAIR NEWS – Inflasi Amerika Serikat (AS) pada Mei 2022 mencapai angka 8,6 persen. Angka tersebut merupakan inflasi AS tertinggi"
Ekonom UNAIR Paparkan Dampak Inflasi AS pada Perekonomian Makro-Mikro Indonesia,"UNAIR NEWS – Amerika Serikat mengalami inflasi tertinggi selama empat dekade terakhir. Pada Mei 2022, inflasi AS berada di angka"
Akademisi UNAIR: Beli Minyak Goreng Pakai PeduliLindungi Langkah Tepat,UNAIR NEWS – Kebijakan pembelian minyak goreng curah (MGC) subsidi yang harus melalui aplikasi PeduliLindungi atau KTP menuai banyak pro
"Perihal RUU KIA, Pakar UNAIR: Pemerintah Tidak Boleh Lepas Tangan",UNAIR NEWS – Rilisnya perpanjangan cuti melahirkan dalam draft Rancangan Undang-Undang Kesejahteraan Ibu dan Anak (RUU KIA) menimbulkan berbagai respon
Dekan FKM UNAIR Optimis Perwali Mampu Tingkatkan KTR di Surabaya,UNAIR NEWS – Peraturan Walikota (Perwali) mengenai Kawasan Tanpa Rokok (KTR) telah resmi diberlakukan di Surabaya sejak 1 Juni 2022.
"Jokowi ke Rusia dan Ukraina, Pakar HI UNAIR: Itu Kepentingan Indonesia untuk G20","UNAIR NEWS – Presiden Republik Indonesia, Joko Widodo, diagendakan mengikuti  Konferensi Tingkat Tinggi (KTT) G7 pada 26-28 juni 2022 di"
"Berkendara Pakai Sandal Dilarang, Begini Kata Sosiolog UNAIR","UNAIR NEWS – Baru-baru ini Kepala Korps Lalu Lintas Kepolisian Republik Indonesia (Kakorlantas Polri), Irjen Pol Firman Shantyabudi menghimbau untuk"
"Kemunculan Omicron BA.4 dan BA.5, Epidemiolog UNAIR: Prokes Masih Jadi Kunci",UNAIR NEWS – Kementerian Kesehatan (Kemenkes) mengkonfirmasi kemunculan Covid-19 subvarian Omicron BA.4 dan BA.5 terdeteksi masuk Indonesia pada awal Juni
"Jaga Pola Tidur Berkualitas, Hindari Obat Tidur","UNAIR NEWS – Terbiasa begadang membuat sebagian orang mengalami insomnia, terlebih mahasiswa pada masa serba daring saat ini. Hal tersebut"
Begadang Bisa Picu Berbagai Penyakit Hingga Kematian,"UNAIR NEWS – Belajar SKS (Sistem Kebut Semalam) atau bekerja shift malam membuat sebagian orang memiliki kebiasaan begadang. Namun, kebiasaan"
"Menerka Capres Pilihan Parpol, Begini Tanggapan Pakar Politik UNAIR",UNAIR NEWS – Berbagai perbincangan elit politik menuju kontestasi Pemilu 2024 mulai bertebaran. Adanya berbagai rangkaian peristiwa menambah panas isu
Direktur CLeP FH UNAIR: Aktivitas Pertambangan di Blok Wabu Akan Semakin Meminggirkan Hak Masyarakat Adat,"UNAIR NEWS – Di Kabupaten Intan Jaya, Papua, terdeteksi cadangan emas dengan jumlah yang cukup besar di wilayah yang disebut"
Pakar UNAIR Paparkan Efek Wabah PMK Terhadap Harga Sapi Menjelang Iduladha,UNAIR NEWS – Mewabahnya Penyakit Mulut dan Kuku (PMK) pada hewan di 178 kabupaten dan kota di Indonesia memberikan efek
"Beli BBM Bersubsidi Pakai Aplikasi, Pakar UNAIR: Ini Adalah Sebuah Keniscayaan",UNAIR NEWS – Sistem pembelian bahan bakar minyak (BBM) bersubsidi jenis solar dan pertalite direncanakan akan menggunakan aplikasi MyPertamina. Hal
Gubes Ilmu Politik UNAIR: Presidential Threshold Tidak Relevan Dipertahankan Pasca Pemilu Serentak,"UNAIR NEWS – Nuansa pesta demokrasi sudah mulai terasa, seiring semakin dekatnya pada Pemilihan Presiden 2024. Satu topik yang selalu"
Dosen Psikologi UNAIR Paparkan Penyebab Perilaku dan Cara Menangani Bullying pada Remaja,"UNAIR NEWS – Baru-baru ini, media dihebohkan dengan pemberitaan mengenai kasus bullying terhadap siswa SMP hingga merenggut nyawa sang korban."
Prof Bagong Jelaskan Subkultur Anak Berkaitan dengan Aksi Hadang Truk,UNAIR NEWS – Fenomena remaja menghadang truk menjadi tren video pada platform TikTok. Bahkan aksi tersebut dikenal dengan challenge malaikat
"Prioritaskan Hilirisasi Batubara sebagai EBT, Ketua Pusat Studi EBT FH UNAIR Berikan Catatan Kritis pada Pemerintah","UNAIR NEWS – Melalui PP 79/2014, pemerintah Indonesia menargetkan bahwa paling sedikit 23% energi baru terbarukan (EBT) digunakan dalam bauran"
"Startup Lakukan PHK Massal, Ini Kata Pakar Hukum Ketenagakerjaan UNAIR",UNAIR NEWS – Pemutusan Hubungan Kerja (PHK) saat ini sedang gencar dilakukan oleh banyak startup di Indonesia. Fenomena PHK ini
"Bahasa Inggris Kuasai Pemilihan Puteri Indonesia 2022, Begini Tanggapan Dosen UNAIR","UNAIR NEWS – Ajang pemilihan Puteri Indonesia 2022 baru saja usai. Namun, kompetisi tersebut masih menyisakan pertanyaan di benak masyarakat."
Pakar Psikologi UNAIR Paparkan Alasan di Balik Aksi Hadang Truk Demi Konten,UNAIR NEWS – Aksi hadang truk demi konten khususnya yang dilakukan oleh remaja marak terjadi beberapa waktu yang lalu. Hal
"Justin Bieber Derita Ramsay Hunt Syndrome, Pakar UNAIR Beri Komentar","UNAIR NEWS – Baru-baru ini media sosial dihebohkan dengan kabar yang datang dari pesohor dunia, Justin Bieber. Pasalnya, penyanyi asal"
"Tolak dan Pulangkan WNA, Dosen Hukum UNAIR : Wujud Kedaulatan Setiap Negara",UNAIR NEWS – Aktivitas beberapa negara dalam menolak ataupun memulangkan Warga Negara Asing (WNA) menjadi sorotan beberapa waktu lalu. Isu
Ekonom UNAIR Paparkan 3 Dampak Angka Kelahiran Terus Menurun di Negara Maju,UNAIR NEWS – Beberapa negara maju seperti Jepang dan Singapura saat ini sedang dilanda resesi seks atau angka kelahiran yang
Pakar UNAIR Analisis Aturan Resmi Penghapusan Tenaga Honorer,UNAIR NEWS – Kementerian Pendayagunaan Aparatur Sipil Negara dan Reformasi Birokrasi (Kemenpan RB) secara resmi menghapus tenaga honorer di instansi
Ekonom UNAIR Tanggapi Tren Angka Kelahiran yang Terus Menurun di Negara Maju,UNAIR NEWS – Resesi seks adalah sebuah istilah untuk menerangkan penurunan angka kelahiran di suatu negara. Resesi seks tersebut sering
Ekonom UNAIR Ungkap Dampak Penghapusan Kelas BPJS,UNAIR NEWS – BPJS Kesehatan berencana menghapus pembagian kelas yang selama ini diterapkan. Penghapusan kelas itu rencananya akan mulai diterapkan
Pakar Hukum UNAIR Paparkan Alasan Penggantian Nama Sebuah Negara,UNAIR NEWS – Baru-baru ini Turki mengumumkan perubahan nama resmi negaranya menjadi Turkiye. Pengubahan nama Turki menjadi Turkiye itu berlaku
"Sanksi CPNS yang Mengundurkan Diri, Gubes UNAIR: Harus Ada Landasan Kuat",UNAIR NEWS – Pemerintah tengah menyiapkan rangkaian sanksi bagi calon pegawai negeri sipil (CPNS) dan Pegawai Pemerintah dengan Perjanjian Kerja
"Banyak CPNS Mundur, Gubes UNAIR: Pemerintah Harus Adaptif",UNAIR NEWS – Calon pegawai negeri sipil (CPNS) dan Pegawai Pemerintah dengan Perjanjian Kerja (PPPK) dikabarkan berduyun-duyun mengundurkan diri setelah
Dosen Ilmu Politik UNAIR:  Anies-Puan Calon yang Mempunyai Peluang Besar,"UNAIR NEWS – Kehadiran Puan Maharani dalam gelaran Formula E menjadi pemandangan yang menarik. Pasalnya, Puan Maharani semakin dekat dengan"
Pakar Politik UNAIR: Dicari Capres yang Mampu Menjalankan Konstitusi,UNAIR NEWS – Suasana pesta demokrasi Pemilu 2024 semakin terasa. Hal ini ditandai dengan mencuatnya kabar-kabar berkaitan dengan calon presiden
Pakar Pariwisata UNAIR Ungkap Mitigasi Risiko Bencana Harus Disiapkan,"UNAIR NEWS – Musibah Emmeril Kahn Mumtadz (Eril) yang telang hilang saat berenang di Sungai Aare, Bern, Swiss, pada Kamis"
"PKS Usulkan Raffi Ahmad Capres 2024, Pakar UNAIR: Popularitas Tak Berbanding Lurus Elektabilitas",UNAIR NEWS – Diisukannya Raffi Ahmad sebagai calon presiden dari PKS (Partai Keadilan Sejahtera) dalam Pemilu 2024 menjadi trending topik
Pakar Pariwisata UNAIR: Destinasi Wisata di Indonesia Harus Punya Mitigasi Risiko Bencana,UNAIR NEWS – Forum Global Platform for Disaster Risk Reduction (GPDRR) 2022 yang dilaksanakan beberapa pekan lalu di Bali menjadi
Dosen Pariwisata UNAIR: Jangan Sepelekan Imbauan Mitigasi Bencana di Tempat Wisata,"UNAIR NEWS – Seluruh masyarakat, baik pengelola maupun wisatawan, harus memahami pentingnya menjaga kondisi destinasi wisata. Terutama dalam upaya mewujudkan"
Epidemiolog UNAIR tentang Bahaya Virus Hendra : Lebih Mematikan dari Covid-19,UNAIR NEWS – Virus Hendra menjadi salah satu virus yang banyak diperbincangkan setelah meredanya kasus Covid-19 di Indonesia. Epidemiolog Universitas
Pakar UNAIR Paparkan Alasan Politik di Balik Perang Rusia-Ukraina yang Masih Berlanjut,UNAIR NEWS – Perang Rusia-Ukraina yang masih terus berlanjut hingga saat ini menimbulkan pertanyaan-pertanyaan terkait alasan yang melatarbelakanginya. Berkaitan dengan
"Mengenal Filsafat Stoikisme, Konsep Hidup yang Penting untuk Diterapkan","UNAIR NEWS – Nasihat mengenai hidup secara sederhana, mungkin sering kita dengar. Dalam ilmu filsafat, nasihat tersebut termasuk dalam ajaran"
"Soal Ancaman Wabah Virus Cacar Monyet, Begini Tanggapan Pakar UNAIR","UNAIR NEWS – Virus cacar monyet atau Monkeypox tengah menjadi perhatian dunia. Pasalnya, virus tersebut telah menyebar ke beberapa negara"
"Perang Rusia-Ukraina Tidak Kunjung Usai, Pakar Geostrategi UNAIR Paparkan Alasannya",UNAIR NEWS – Sudah lebih dari tiga bulan perang Rusia-Ukraina masih berlanjut dan belum menemukan titik terang. Jika dikaji secara
Dosen UNAIR: Film Jadi Media Potensial Populerkan Cerita Tradisional,UNAIR NEWS – Film bergenre horor KKN di Desa Penari (2022) tengah menjadi perbincangan dalam industri perfilman Tanah Air. Berawal
"Ditakutkan Jadi Pandemi, Virus Hendra Dapat Dicegah Sedari Dini","UNAIR NEWS – Setelah surutnya kasus positif Covid-19, keberadaan penyakit akibat virus Hendra ditakutkan menjadi penyebab dimulainya babak baru pandemi."
Pakar UNAIR: Peluang Investasi Elon Musk di Indonesia Sangat Besar,UNAIR NEWS – Pertemuan Presiden Republik Indonesia Joko Widodo (Jokowi) dengan CEO Tesla dan SpaceX Elon Musk di Gedung Stargate
Dosen Kajian Sinema UNAIR Jelaskan Faktor Keberhasilan Film KKN di Desa Penari,"UNAIR NEWS – Kehadiran film KKN di  Desa Penari (2022) berhasil menghebohkan industri perfilman tanah air. Pasalnya, film arahan produser"
Epidemiolog UNAIR: Lepas Masker Sebaiknya Dibahasakan sebagai Anjuran,UNAIR NEWS – Pakar Epidemiologi Fakultas Kesehatan Masyarakat (FKM) Universitas Airlangga (UNAIR) Dr Windhu Purnomo dr MS menyebut hendaknya narasi
Epidemiolog UNAIR: Kekebalan Tubuh Orang Indonesia Tergolong Tinggi,UNAIR NEWS – Pakar Biostatistika Epidemiologi Fakultas Kesehatan Masyarakat (FKM) Universitas Airlangga (UNAIR) Dr Windhu Purnomo dr MS menyebut kekebalan
Epidemiolog UNAIR Sebut Kebijakan Covid-19 Indonesia Membaik,UNAIR NEWS – Kebijakan pemerintah soal penanganan virus Covid-19 sudah lebih baik dibanding dua tahun lalu. Hal itu disampaikan Pakar
Epidemiolog UNAIR Ungkap Dua Alasan Aturan Tes Covid-19 untuk Pelaku Perjalanan Dicabut,UNAIR NEWS – Pemerintah secara resmi mencabut aturan wajib tes Covid-19 bagi pelaku perjalanan dalam dan luar negeri yang sudah
"Demo Buruh May Day 2022, Pakar Hukum UNAIR: Tuntutan Terkesan Politis","UNAIR NEWS – Peringati Hari Buruh Internasional 2022 atau yang lebih akrab disebut May Day 2022, gabungan dari berbagai serikat"
Pakar Ulas PMK pada Sapi Berpotensi Menular ke Spesies Hewan Lain,"UNAIR NEWS – Prof Dr Mustofa Helmi Effendi drh DTAPH, guru besar Fakultas Kedokteran Hewan (FKH) Universitas Airlangga (UNAIR) menyatakan"
"Pakar UNAIR: Cegah Homoseksual, Orang Tua Mesti Aktif Bicara ke Anak",UNAIR NEWS – Homoseksual bisa terjadi karena faktor lingkungan. Hal tersebut disampaikan Dosen UNAIR Atika Dian Ariana S Psi MSc
Psikolog UNAIR: Homoseksual Bisa Muncul Bukan Karena Factor Psikologis Saja,UNAIR NEWS – Beberapa pekan lalu dunia maya dihebohkan oleh adanya podcast Deddy Corbuzer yang mengundang pasangan homoseksual atau LGBT
Pakar UNAIR Tanggapi Soal Rencana ASN Dapat Bekerja Dari Mana Saja,UNAIR NEWS – Pemerintah tengah mempersiapkan sistem kerja baru yaitu Work From Anywhere (WFA) bagi aparatur sipil negara (ASN). Tujuan
Dosen UNAIR: Akuisisi Twitter Oleh Elon Musk Bisa Dominasi Ruang Digital,UNAIR NEWS – Dosen Fakultas Ilmu Sosial dan Ilmu Politik (FISIP) Universitas Airlangga (UNAIR) Febby Risti Widjayanto SIP MSc memberikan
"Hukum Lemah, Kekerasan Seksual Masih Menghantui Hewan",UNAIR NEWS – Tindakan kekerasan seksual kepada hewan masih menjadi kasus yang berulang terjadi. Bahkan belum terlihat addanya upaya yang
Ahli UNAIR: Terbunuhnya Jurnalis Palestina Langgar Hukum Humaniter,"UNAIR NEWS – Terbunuhnya Shireen Abu Akleh, seorang jurnalis senior AlJazeera, menjadi perbincangan yang cukup menuai kontroversi di media sosial."
"Peluang Makin Terbuka, Begini Cara Berkarir di Bank Syariah","UNAIR NEWS – Sebagai negara dengan populasi muslim terbesar di dunia, perbankan syariah adalah sektor unggul yang gencar dikembangkan baik"
"Cegah Penularan PMK, Peternak Harus Lakukan Isolasi dan Sterilisasi Kandang","UNAIR NEWS – Muncul infeksi penyakit mulut dan kuku di berbagai wilayah di Indonesia. Akibatnya, ada kekhawatiran terhadap kesiapan langkah"
"Meski Sembuh dari PMK, Hewan Ternak Masih Menghasilkan Virus","UNAIR NEWS – Hewan ternak yang terserang penyakit mulut dan kuku (PMK) dapat sembuh dengan sendirinya setelah 14-21 hari. Namun,"
"Ramai Wabah PMK di Jatim, Prof Fedik: Segera Disinfeksi di Lingkungan Peternakan",UNAIR NEWS – Sejumlah hewan ternak di empat kabupaten di Jawa Timur terjangkiti Penyakit Mulut dan Kuku (PMK). Mulai di
"Penyebab Hepatitis Akut Belum Diketahui, Dokter UNAIR Sarankan Tetap Waspada",UNAIR NEWS – Penyakit hepatitis akut yang merebak ke berbagai negara termasuk Indonesia membawa kekhawatiran bagi banyak orang. Masyarakat harus
Pakar UNAIR: Hewan Terdampak Wabah PMK Aman Dikonsumsi,UNAIR NEWS – Mewabahnya Penyakit Mulut dan Kuku (PMK) pada hewan ternak di Jawa Timur dan Aceh nampaknya tidak hanya
Lima Tips Konsumsi Makanan Saat Lebaran Ala Pakar UNAIR,UNAIR NEWS – Merupakan suatu rahasia umum bahwa hari raya Idul Fitri adalah momen yang ditunggu-tunggu banyak orang. Apalagi jika
Dosen UNAIR Sebut Konflik Israel dan Palestina Banyak Memuat Isu Krusial,"UNAIR NEWS – Penyerangan Israel terhadap Palestina telah berulang-ulang terjadi. Sasarannya bisa jadi warga sipil, fasilitas umum, ataupun tempat ibadah."
"Mengenal Sejarah Halalbihalal, Tradisi Lebaran Khas Indonesia","UNAIR NEWS – Indonesia memiliki beragam tradisi, salah satunya adalah tradisi lebaran. Momen lebaran di Indonesia terdapat berbagai macam tradisi,"
Pakar UNAIR: Tradisi Lebaran Bukan Sekadar Kumpul Keluarga,UNAIR NEWS – Hari raya Idulfitri atau yang dikenal juga sebagai lebaran biasanya dimanfaatkan sebagai ajang kumpul keluarga. Sebagian besar
Sosiolog UNAIR Paparkan Akar Berbagai Tradisi Saat Lebaran,UNAIR NEWS – Hari raya idul fitri atau lebaran merupakan momen yang sangat di nanti-nanti terutama bagi umat islam. Berbagai
Pakar UNAIR Ungkap Sisi Negatif Over Exposure di Media Sosial,UNAIR NEWS – Media sosial saat ini telah menjadi bagian dari kehidupan masyarakat. Berbagai momentum maupun potret kehidupan pribadi sering
Tips Jaga Stamina Tubuh Tetap Fit saat Mudik,"UNAIR NEWS – Perjalanan jauh tak jarang membuat kebugaran tubuh seseorang menurun. Hal tersebut dikarenakan beberapa faktor, mulai pergerakan yang"
Pakar UNAIR Nilai Perilaku Klitih Bukan Gangguan Kepribadian,"UNAIR NEWS – Akhir-akhir ini, terjadi peningkatan kasus kriminal di beberapa kota terutama di Yogyakarta. Tindakan melukai orang lain hanya"
"Jasa Tukar Uang Menjamur, Pakar Ekonomi Islam UNAIR Beri Penjelasan","UNAIR NEWS – Budaya mudik atau pulang kampung bagi masyarakat Indonesia menjelang lebaran sudah menjadi tradisi setiap tahun. Wajar saja,"
Kenali Dua Langkah Bijak Mengelola Uang THR Menurut Pakar UNAIR,UNAIR NEWS – Momentum penghujung Ramadan yang identik dengan uang Tunjangan Hari Raya (THR) adalah salah satu hal yang paling
"Konflik Israel-Palestina Masih Berlangsung, Dosen UNAIR Sebut 4 Alasannya",UNAIR NEWS – Konflik Israel dan Palestina telah berlangsung sejak lebih dari lima dekade lamanya. Konflik itu pun banyak mendapat
"Pakar UNAIR: Bukan Melayu, Bahasa Indonesia Lebih Layak Jadi Bahasa Kedua ASEAN",UNAIR NEWS – Pernyataan Perdana Menteri Malaysia Dato’ Sri Ismail Sabri Yaakob yang mengusulkan bahasa Melayu sebagai bahasa kedua ASEAN
Pakar UNAIR: Sistem Pencatatan Plat Nomor Kendaraan yang Mengisi BBM Sangat Rumit,UNAIR NEWS – Menteri Energi dan Sumber Daya Mineral Ir Arifin Tarif mengumumkan bahwa sistem pengguna tunggal bagi konsumen yang
Pakar UNAIR: Vaksinasi Jadi Angin Segar Turunkan Kanker Serviks di Indonesia,UNAIR NEWS – Menteri Kesehatan Republik Indonesia Ir Budi Gunadi Sadikin CHFC CLU memastikan bahwa vaksinasi kanker serviks atau vaksin
"Bahas Cryptocurrency, Pakar Ekonomi Islam UNAIR Paparkan Perspektif Syariah","UNAIR NEWS – Tak bisa dipungkiri, kemajuan zaman berdampak pada bertumbuhnya model pengelolaan keuangan atau investasi dengan gaya baru. Dulu,"
Tips Bawa Hewan Peliharaan saat Mudik,UNAIR NEWS – Mudik menjadi tradisi tak terpisahkan bagi mayoritas masyarakat Indonesia menjelang Hari Raya Idul Fitri. Tak mau hewan
IKN Berpotensi Krisis Air Bersih? Ini Kata Pakar UNAIR,UNAIR NEWS – Kawasan Ibu Kota Negara Baru (IKN) Penajam Paser Utara (PPU) Kalimantan Timur diduga berpotensi mengalami krisis air
Pentingnya Peran Perempuan dalam Sektor Perikanan dan Kelautan,"UNAIR NEWS – Menurut Ayu Lana Nafisyah SPi MSc, dosen muda Fakultas Perikanan dan Kelautan (FPK) Universitas Airlangga (UNAIR), peringatan"
Pakar UNAIR Sebut Pasar Takjil Ramadan Dapat Tingkatkan Perekonomian Masyarakat,"UNAIR NEWS – Pada bulan Ramadan tahun ini, sejumlah aktivitas masyarakat dari berbagai sektor tampak membaik. Salah satunya yaitu sektor"
"Menyoal Penarikan Tarif Rp1.000 Tiap Akses NIK, Pakar UNAIR: Perlu Transparansi yang Lebih Tinggi",UNAIR NEWS – Baru-baru ini Dirjen Kependudukan dan Catatan Sipil Kemendagri berancang menarik tarif senilai Rp1.000 bagi lembaga pengguna database
"Amerika Nilai PeduliLindungi Langgar HAM, Begini Tanggapan Pakar UNAIR",UNAIR NEWS – Laporan Departemen Luar Negeri Amerika Serikat (Deplu AS) menilai aplikasi PeduliLindungi melakukan pelanggaran Hak Asasi Manusia (HAM).
Tiga Cara Mudah Mencegah Bau Mulut saat Puasa,UNAIR NEWS – Masalah bau mulut seringkali mengganggu ketika menjalani ibadah berpuasa. Hal ini lantaran tubuh tidak makan dan minum
Menilik Keberadaan Ikan Iblis di Danau Toba yang Meresahkan Masyarakat,"UNAIR NEWS – Beberapa waktu yang lalu, ikan iblis atau red devil fish dikabarkan muncul di Danau Toba dan menyerang"
"Tingginya Komoditas Pokok, Pakar UNAIR Sebut Pentingnya Koordinasi Antar Elemen",UNAIR NEWS – Pemerintah sudah sepatutnya untuk melihat kembali jumlah penduduk Indonesia yang mencapai dua ratus tujuh puluh tujuh juta
Legenda Mbah Bungkul dan Sejarah Desa Islam di Surabaya,UNAIR NEWS – Menurut legenda Ki Ageng Mahmuddin atau yang umumnya dikenal sebagai Mbah Bungkul merupakan penguasa muslim salah satu
Kebijakan Bantuan Subsidi Upah Dinilai Kurang Tepat,UNAIR NEWS – Pemerintah memberikan bantuan subsidi upah (BSU) karyawan pada bulan April 2022. Pemberian tersebut dikarenakan naiknya harga bahan
"Puluhan Sapi Mati di Sampang, Pakar Ruminansia UNAIR Soroti 2 Faktor","UNAIR NEWS – Matinya puluhan sapi beberapa waktu lalu di perairan Sampang menarik perhatian banyak masyarakat, salah satunya adalah pakar"
Pakar Hukum UNAIR Paparkan Indikasi Penipuan Berkedok Investasi,"UNAIR NEWS – Akhir-akhir ini, media Indonesia diramaikan dengan berita kasus penipuan berkedok investasi. Menanggapi hal itu, dosen Hukum Perdata"
"Ramai Soal Hapus Email Dapat Kurangi Emisi Karbon, Ini Kata Pakar UNAIR",UNAIR NEWS – Beberapa waktu lalu media sosial diramaikan dengan isu tentang menghapus email dapat mengurangi pemanasan global. Pakar Sains
Pakar Komunikasi UNAIR Ungkap Indikasi Adanya Seksisme Pada Poster Demonstrasi Mahasiswa,UNAIR NEWS – Demonstrasi mahasiswa beberapa waktu yang lalu memperlihatkan poster-poster yang diindikasi menunjukan sisi seksisme dari sudut pandang komunikasi
Pakar Industri Media UNAIR Nilai Perpindahan TV Analog Buka Banyak Peluang,UNAIR NEWS – Kebijakan migrasi TV Analog ke TV Digital akan segera dilaksanakan di Indonesia. Hal ini tentunya berimbas langsung
Pakar Hukum UNAIR Optimis UU TPKS Jadi Langkah Penting bagi Keadilan Penyintas,"UNAIR NEWS – Rancangan Undang-Undang Tindak Pidana Kekerasan Seksual (RUU TPKS) telah resmi disahkan. Pakar hukum Universitas Airlangga, Dwi Rahayu"
Ekonom UNAIR Paparkan Strategi Jaga Stabilitas Harga BBM Subsidi,"UNAIR NEWS – Dampak melonjaknya harga minyak mentah dunia yang kini selisih sekitar 60 persen dari asumsi APBN, membuat Kementerian"
Tips Kontrol Kolesterol saat Puasa dari Ahli Gizi UNAIR,UNAIR NEWS – Kolesterol merupakan salah satu penyakit yang masih menjadi permasalahan umum di tengah masyarakat. Saat bulan puasa seperti
Ekonom UNAIR Ungkap Alasan Kenaikan Harga Menjelang Lebaran,"UNAIR NEWS – Belum usai ditimpa masalah akibat pandemi Covid-19, memasuki Ramadan tahun ini, masyarakat dibuat ketar-ketir dengan melambungnya beberapa"
"Pancasila Jadi Mata Pelajaran, Pakar UNAIR Nilai Ada yang Lebih Penting",UNAIR NEWS – Baru-baru ini Badan Pembinaan Ideologi Pancasila (BPIP) akan menjadikan Pancasila sebagai mata pelajaran tersendiri. Kebijakan tersebut mulai
Ekonom UNAIR Nilai Kenaikan BBM Subsidi Tidak Akan Terjadi Dalam Waktu Dekat,UNAIR NEWS – Kelangkaan bahan bakar minyak (BBM) Pertalite di beberapa SPBU pasca kenaikan harga BBM non subsidi pada pembuka
Olahan Ikan Sehat Tanpa Digoreng untuk Konsumsi saat Berpuasa,"UNAIR NEWS – Olahan ikan menjadi salah satu menu favorit banyak orang saat berbuka puasa dan sahur. Namun, tidak semua"
"Tanggapi Demo Mahasiswa, Pakar UNAIR: Mahasiswa sebagai Amplifikator Keresahan Publik",UNAIR NEWS – Aksi unjuk rasa yang dilakukan BEM Seluruh Indonesia menjadi pemantik aksi-aksi lain yang dilakukan oleh asosiasi BEM
Tarawih di Metaverse! Begini Penjelasan Pakar Komunikasi UNAIR,UNAIR NEWS – Guru Besar Ilmu Komunikasi UNAIR Prof Rachmah Ida PhD  menyatakan sholat tarawih tidak bisa dilakukan di dalam
Konsumsi Gorengan Berlebih Picu Tingginya Kolesterol,"UNAIR NEWS – Sejumlah penelitian dan pakar kesehatan menyarankan untuk menghindari mengonsumsi gorengan secara berlebihan. Tak terkecuali Ahli Gizi UNAIR,"
"Presidensi Indonesia G20 sebagai Penengah Konflik Rusia-Ukraina, Pakar HI UNAIR: Saya Tidak Seoptimis Itu","UNAIR NEWS – Multilateralisme di dunia telah banyak berkembang dan mencakup beragam isu global, dari ekonomi, lingkungan, keamanan, hingga lainnya."
Penderita Diabetes Harus Memperhatikan Indeks Glikemik Makanan Saat Berpuasa,"UNAIR NEWS – Indeks glikemik merupakan derajat kecepatan suatu makanan menjadi gula. Indeks glikemik perlu diperhatikan oleh penderita diabetes, karena"
Pakar UNAIR Sarankan Diet Tiga Satu Bagi Penderita Diabetes di Bulan Ramadan,"UNAIR NEWS – Diabetes melitus (DM) merupakan salah satu penyakit yang banyak terjadi di Indonesia, sehingga banyak masyarakat yang menerapkan"
Lirik Lagu Ternyata Bisa Jadi Sumber Sejarah,UNAIR NEWS – Penelusuran jejak-jejak terhadap sejarah ternyata bisa melalui beragam hal. Dosen Sejarah Fakultas Ilmu Budaya (FIB) Universitas Airlangga
"PPN Naik, Pakar Perpajakan UNAIR: Ini Bentuk Counterbalance",UNAIR NEWS – Naiknya Pajak Pertambahan Nilai (PPN) dari 10 persen menjadi 11 persen  jadi buah bibir masyarakat. Pakar perpajakan
Pakar Budaya UNAIR Sebut Klaim Reog Ponorogo Adalah Refleksi Bagi Indonesia,UNAIR NEWS – Malaysia disebut ingin mengajukan kebudayaan Reog Ponorogo ke UNESCO sebagai warisan budaya tak benda mereka. Hal tersebut
"Ketua MK Nikahi Adik Jokowi, Pakar HTN UNAIR: Harus Kembali ke Kode Etik Hakim Konstitusi","UNAIR NEWS – Ketua Mahkamah Konstitusi Anwar Usman akan menikah dengan adik Presiden Joko Widodo, Idayati. Didasari oleh rencana perkawinan"
Pakar HAM UNAIR: Kasus Haris-Fatia adalah SLAPP,"UNAIR NEWS – Pertengahan Maret kemarin, aktivis Haris Azhar dan Fatia Maulidiyanti telah ditetapkan sebagai tersangka atas dugaan kasus pencemaran"
Tips Menu Sehat Buka Puasa dan Sahur Ala Pakar Gizi UNAIR,UNAIR NEWS – Cara tepat agar tetap fit selama berpuasa adalah dengan menjalani pola makan menu gizi seimbang dan istirahat
Ahli Gizi UNAIR Bagikan Tips Agar Tubuh Tidak Lemas Selama Puasa,"UNAIR NEWS- Setiap orang memiliki kebutuhan energi, protein, lemak dan karbohidrat yang berbeda-beda. Selama 14 jam puasa, Ahli Gizi UNAIR"
Mengkritisi Film ala Dosen FIB Peraih Piala Citra,UNAIR NEWS – Dosen Fakultas Ilmu Budaya (FIB) Universitas Airlangga (UNAIR) Kukuh Yudha Karnanta mengisi acara Lakon Minggu bersama Jawa
Dokter Spesialis Kandungan UNAIR Sarankan Ibu Hamil Penuhi Asupan Nutrisi Selama Puasa,"UNAIR NEWS – Momentum puasa menjadi waktu paling ditunggu bagi umat muslim di seluruh dunia. Meskipun tak wajib, banyak ibu"
Tips Menjalani Puasa dan Diet dengan Cara Aman,Pakar Gizi UNAIR  Berikan Tips Puasa dan Diet Selama Bulan Ramadhan UNAIR NEWS – Menahan lapar dan haus tidak semata-mata
Pakar UNAIR Nilai Maudy Ayunda Capable sebagai Juru Bicara Presidensi G20,UNAIR NEWS – Forum G20 merupakan forum kerja sama multilateral antar 19 negara utama dan Uni Eropa (EU) di bidang
Mengenal Lebih Dekat Seputar Fenomena Pembohong Patologis,"UNAIR NEWS – Dalam kehidupan sehari-hari, banyak ditemui berbagai macam orang dengan karakter yang berbeda satu sama lain. Adakalanya, seseorang"
"Atasi Gangguan Lambung saat Puasa, Berikut Penjelasan Dosen FK UNAIR",UNAIR NEWS – Kondisi puasa mewajibkan muslim menahan haus dan lapar dari pagi hari hingga menjelang petang. Dengan waktu yang cukup
Pakar UNAIR Jelaskan Kondisi Speech Delay pada Anak beserta Tips Pencegahannya,UNAIR NEWS – Belajar berbicara menjadi salah satu fase penting dalam proses tumbuh kembang anak. Perkembangan ini dimulai pada usia
"Muncul Fenomena Bahasa “Jaksel,” Begini Tanggapan Pakar UNAIR",UNAIR NEWS – Belum lama ini marak fenomena bahasa ala Jakarta Selatan atau Jaksel. Di mana bahasa tersebut mencampurkan bahasa
"Gastrodiplomasi di MotoGP, Dosen UNAIR: Masih Butuh Kolaborasi Lintas Sektor",UNAIR NEWS – Pemerintah menggunakan ajang Moto GP di Sirkuit Internasional Mandalika pada Minggu (20/3/2022) sebagai sarana gastrodiplomasi. Diplomasi tersebut
Pakar UNAIR: Urun Dana Rakyat untuk IKN Terlalu Utopis,UNAIR NEWS – Skema urun dana atau crowdfunding dari rakyat untuk pembangunan Ibu Kota Negara (IKN) menjadi isu yang terus diperbincangkan akhir-akhir ini.
Pakar UNAIR Imbau Masyarakat Tidak Pelihara Satwa Liar,UNAIR NEWS – Memelihara satwa liar menjadi suatu kegemaran tersendiri bagi sebagian orang. Tidak jarang satwa liar tersebut dijadikan konten
Pakar UNAIR: Abnormalitas Otak Pasca Covid-19 Dapat Dikurangi dengan Terapi Dokter,Arief Bakhtiar dr SpP(K) FAPSR dosen dari Departemen Pulmonologi & Ilmu Kedokteran Respirasi Fakultas Kedokteran Universitas Airlangga (UNAIR) menjelaskan abnormalitas otak pasca Covid-19.
Bahaya Mana TBC atau Covid-19? Pakar UNAIR Berikan Jawaban!,"UNAIR NEWS – Memiliki cara penularan, gejala, dan penanggulangan yang mirip dengan Covid-19, TBC atau yang sering disebut paru-paru basah oleh masyarakat awam kembali menjadi perbincangan. Oleh karena itu, Dr Soedarsono dr SpP(K) menjawab keresahan masyarakat mengenai TBC dan Covid-19 melalui acara Tuberkulosis (TBC) Vs Covid-19 – Bahaya Mana? oleh Dokter UNAIR TV Fakultas Kedokteran Universitas Airlangga (UNAIR), Jumat (25/3/2022)"
Ekonom UNAIR Beri Solusi Kenaikan Permintaan Barang Menjelang Lebaran,Ekonom UNAIR Sebut ODOL Tidak Menghambat Logistik  UNAIR NEWS – Adanya kebijakan pelarangan angkutan truk/mobil barang yang Over Dimension dan Overload
"Crazy Rich Jadi Pelaku Penipuan, Dosen Ilkom UNAIR: Medsos Hanya Pesona Palsu",UNAIR NEWS – Belakangan sedang ramai perbincangan soal penangkapan Indra Kenz dan Doni Salmanan. Keduanya dinyatakan tersangka kasus penipuan berkedok
"Sri Mulyani Buru Pajak Crazy Rich Indonesia, Pakar Hukum UNAIR: Sasaran Empuk","UNAIR NEWS – Baru-baru ini, istilah crazy rich atau kalangan super tajir sering menjadi perbincangan di jagat media sosial (medsos)."
"Tingkatkan Positioning dan Engagement, Brand Indonesia Klaim Ikuti Paris Fashion Week","UNAIR NEWS – Sejumlah brand asal Indonesia yang mengaku tampil dalam pagelaran Paris Fashion Week 2022 tengah mendapat perhatian. Pasalnya,"
Pakar UNAIR Sebut 2 Keuntungan BSI menjadi Bank BUMN,"UNAIR NEWS – Usai sukses dengan merger bank Mandiri Syariah, BRI Syariah, dan BNI Syariah menjadi PT Bank Syariah Indonesia Tbk (BSI). Kini"
Pakar Kedokteran Hewan Beri Solusi Kenaikan Harga Daging Sapi,UNAIR NEWS – Pakar Kedokteran Hewan Universitas Airlangga Prof Dr Budi Utomo drh Msi angkat bicara soal lonjakan harga daging sapi.
"Mengenal Egg Freezing, Berikut Penjelasannya","UNAIR NEWS – Teknologi kesehatan terus berkembang. Selain aplikasi kesehatan, berbagai teknologi di bidang kesehatan juga lahir untuk mempermudah pasien. Salah"
Antropolog UNAIR: Ritual Kendi Nusantara di IKN sebagai Perwujudan Tiga Simbol,UNAIR NEWS – Presiden Joko Widodo menggelar ritual Kendi Nusantara pada Senin (14/3/2022) di Ibu Kota Nusantara (IKN). Ritual tersebut
Antropolog UNAIR: Ritual Kendi Nusantara Bukan Persoalan Klenik,UNAIR NEWS – Presiden Joko Widodo mengadakan ritual Kendi Nusantara di Ibu Kota Nusantara (IKN) pada Senin (14/3/2022). Ritual itu merupakan
Telisik Kondisi Transisi EBT di Indonesia dari Kacamata Pakar Hukum Energi UNAIR,UNAIR NEWS – Pakar Hukum Energi UNAIR Indria Wahyuni berbincang dengan tim redaksi terkait kondisi transisi energi baru dan terbarukan
Epidemolog UNAIR: Penghapusan Tes Swab Lebih Baik Ditunda,UNAIR NEWS – Pemerintah resmi menerapkan penghapusan syarat tes antigen dan PCR bagi pelaku perjalanan domestik beberapa hari lalu. Kebijakan
"Tren Pelanggar Didaulat Jadi Duta, Pakar: Perlu Ada Re-Orientasi Citra",UNAIR NEWS – Bukan hal baru lagi apabila para pelanggar etika atau hukum di Indonesia justru diangkat menjadi duta pada bidang
Ekstrak Tanaman Okra Berpotensi Membantu Keberhasilan Kemoterapi Kanker Hati,"UNAIR NEWS – 80% kasus kanker hati di dunia berada di negara sedang berkembang seperti Afrika Tengah, Asia Timur, dan"
Dosen FPK UNAIR Banyuwangi Ulas Beberapa Penyakit pada Ikan Cupang,UNAIR NEWS – Ikan cupang merupakan salah satu komoditas perikanan yang sangat digemari dari berbagai kalangan hingga berbagai negara. Hal ini
"Mengenal Tanda Tangan Elektronik, Amankah?",UNAIR NEWS – Tanda tangan elektronik atau Digital Signature bukan lagi hal yang asing didengar. Praktik penggunaan tanda tangan elektronik sejak mewabahnya Pandemi Covid-19 diketahui
Ekonom UNAIR Sebut Pajak Sembako Bisa Perlebar Disparitas Kemiskinan,UNAIR NEWS – Baru-baru ini publik tengah ramai dengan adanya isu pemberlakuan Pajak Pertambahan Nilai (PPN) terhadap kebutuhan pokok atau sembako.
Ini yang Harus Diperhatikan Atlet Agar Tidak Kolaps Saat Berolahraga,UNAIR NEWS – Peristiwa atlet tak sadarkan diri saat berolahraga bukan merupakan hal baru yang terjadi. Baru-baru ini peristiwa yang menarik
Simak Pertolongan Pertama pada Kolaps saat Olahraga,UNAIR NEWS – Peristiwa kolaps saat olahraga menjadi peristiwa krusial yang harus mendapat pertolongan dengan cepat dan tepat agar tidak terjadi
"Atlet Tiba-tiba Tak Sadarkan Diri saat Olahraga, Ini Kata Pakar UNAIR",UNAIR NEWS – Baru-baru ini publik dikejutkan dengan peristiwa atlet yang tiba-tiba tak sadarkan diri saat melakukan olahraga. Dari dunia sepakbola
Laser Punktur Tingkatkan Kuantitas dan Kualitas Telur Burung Puyuh,UNAIR NEWS – Mengonsumsi telur puyuh memiliki manfaat bagi kesehatan dengan nilai gizi yang tidak kalah dengan telur ayam. Menurut
Madu Hitam Efektif Mempercepat Penyembuhan Luka,UNAIR NEWS – Madu hitam memiliki potensi untuk mempercepat penyembuhan luka yang terinfeksi bakteri Staphylococcus Aureus. Menurut Dr. Willy Sandhika
Peneliti ITD UNAIR Teliti Potensi Zingiberaceae Jadi Tanaman Obat Anti-HIV,"UNAIR NEWS – Pada tahun 2019, sekitar 38 juta orang dilaporkan menderita HIV (ODHA), dan 690 ribu orang meninggal karena"
Tips Atasi Kecanduan Gadget pada Anak,UNAIR NEWS – Tidak bisa dimungkiri musim pandemi sekarang ini turut membatasi ruang eksplorasi anak. Ditambah dengan sistem sekolah yang dilakukan
